K,L,Accuracy,Mean-squared error,Precision,Recall,Type 1 error rate,Type 2 error rate,F1 score,Real time (s),CPU time (s)
1,0,0.9973,0.0027,0.9798590130916415,0.9928571428571429,0.0022172949002217295,0.0071428571428571175,0.9863152559553979,4.0193739999085665,33.515625
1,1,0.9956,0.0044,0.9674378748928878,0.9947136563876652,0.004286520022560632,0.005286343612334821,0.9808861859252824,2.80311969993636,34.59375
1,2,0.9944,0.0056,0.9841269841269841,0.9612403100775194,0.001784121320249777,0.03875968992248058,0.9725490196078431,2.7942439999897033,33.9375
1,3,0.9921,0.0079,0.9613478691774033,0.9603960396039604,0.0043381535038932145,0.03960396039603964,0.9608717186726101,3.19010530016385,39.265625
1,4,0.9935,0.0065,0.972193614830072,0.9613034623217923,0.0029940119760479044,0.03869653767820769,0.9667178699436763,4.09564429987222,46.1875
1,5,0.9924,0.0076,0.9513274336283186,0.9641255605381166,0.004830917874396135,0.0358744394618834,0.957683741648107,4.652068700175732,47.921875
1,6,0.9968,0.0032,0.9812889812889813,0.9853862212943633,0.0019907100199071004,0.014613778705636737,0.9833333333333333,7.887449499918148,42.078125
1,7,0.9919,0.0081,0.9566055930568949,0.9649805447470817,0.005015604101649577,0.035019455252918275,0.960774818401937,10.236156000057235,42.171875
1,8,0.9928,0.0072,0.9808102345415778,0.944558521560575,0.0019942388654996678,0.05544147843942504,0.9623430962343097,10.743520899908617,42.84375
1,9,0.9914,0.0086,0.9564787339268052,0.958374628344896,0.004893782671560449,0.04162537165510405,0.9574257425742575,11.037366400007159,44.25
2,0,0.9952,0.00265,0.9568627450980393,0.9959183673469387,0.004878048780487805,0.004081632653061273,0.9759999999999999,11.485692599788308,44.5625
2,1,0.9937,0.003575,0.9489112227805695,0.9982378854625551,0.006880992667794698,0.0017621145374449032,0.9729497638471446,11.208916800096631,43.8125
2,2,0.9943,0.0047,0.9692011549566891,0.9757751937984496,0.003568242640499554,0.02422480620155043,0.9724770642201835,10.99018820002675,44.4375
2,3,0.9903,0.006425,0.929444967074318,0.9782178217821782,0.008342602892102336,0.0217821782178218,0.9532079112397491,10.98813489987515,43.34375
2,4,0.9937,0.0051,0.9563058589870904,0.9806517311608961,0.004879130627633622,0.0193482688391039,0.9683257918552036,11.007762999972329,45.53125
2,5,0.9902,0.006,0.9144050104384134,0.9820627802690582,0.009003074220465524,0.017937219730941756,0.947027027027027,11.792931500123814,46.421875
2,6,0.9953,0.00275,0.9633774160732451,0.988517745302714,0.003981420039814201,0.011482254697286032,0.9757856774858319,7.898288300028071,52.078125
2,7,0.991,0.006525,0.9342592592592592,0.9815175097276264,0.007913508693713777,0.018482490272373586,0.9573055028462998,4.95210579992272,54.9375
2,8,0.994,0.0061,0.9721074380165289,0.9661190965092402,0.0029913582982495014,0.033880903490759784,0.9691040164778577,4.960094900103286,53.78125
2,9,0.9881,0.007475,0.9120370370370371,0.9762140733399405,0.010566121677232788,0.02378592666005952,0.9430349449497366,6.619700400158763,52.21875
3,0,0.997,0.002688888888888889,0.9759519038076152,0.9938775510204082,0.0026607538802660754,0.006122448979591799,0.9848331648129423,11.068934599868953,45.203125
3,1,0.9959,0.003622222222222222,0.9675213675213675,0.9973568281938326,0.004286520022560632,0.002643171806167355,0.9822125813449024,7.34858230012469,51.125
3,2,0.9946,0.0044888888888888895,0.9851190476190477,0.9622093023255814,0.001672613737734166,0.03779069767441856,0.973529411764706,4.911858799867332,54.5
3,3,0.9937,0.005788888888888889,0.973026973026973,0.9643564356435643,0.003003337041156841,0.035643564356435675,0.9686723023371456,4.961578499991447,54.78125
3,4,0.9945,0.004422222222222223,0.9793174767321613,0.9643584521384929,0.0022177866489243737,0.035641547861507084,0.9717804002052335,4.624980499967933,50.40625
3,5,0.9938,0.005311111111111111,0.9683972911963883,0.9618834080717489,0.0030742204655248135,0.03811659192825112,0.9651293588301463,4.74332830007188,52.859375
3,6,0.997,0.0025888888888888893,0.9833333333333333,0.9853862212943633,0.0017695200176952002,0.014613778705636737,0.9843587069864442,4.624702899949625,51.125
3,7,0.9927,0.0061555555555555565,0.9649464459591042,0.9640077821011673,0.004012483281319661,0.03599221789883267,0.9644768856447687,4.5704017002135515,50.953125
3,8,0.993,0.00568888888888889,0.9891774891774892,0.9383983572895277,0.0011079104808331486,0.061601642710472304,0.9631190727081138,4.556111200014129,51.28125
3,9,0.9919,0.0068444444444444455,0.9603174603174603,0.9593657086223984,0.0044488933377822264,0.04063429137760155,0.9598413485374319,4.580785600002855,51.453125
4,0,0.9963,0.00270625,0.9672943508424182,0.9959183673469387,0.003658536585365854,0.004081632653061273,0.9813976872800403,4.631612400058657,51.390625
4,1,0.9945,0.003575,0.9553119730185498,0.9982378854625551,0.005978567399887197,0.0017621145374449032,0.976303317535545,4.605637799948454,51.328125
4,2,0.9945,0.0044625,0.9803343166175025,0.9660852713178295,0.0022301516503122213,0.03391472868217049,0.9731576378721327,4.7718024998903275,52.78125
4,3,0.9931,0.00533125,0.9599217986314761,0.9722772277227723,0.004560622914349277,0.027722772277227747,0.9660600098376783,4.5582197001203895,51.5625
4,4,0.9945,0.00459375,0.9686552072800809,0.9755600814663951,0.003437569305832779,0.024439918533604943,0.9720953830542872,4.751507099950686,52.40625
4,5,0.9933,0.0048375,0.9508196721311475,0.9753363228699552,0.004940711462450593,0.024663677130044803,0.9629219701162146,4.561469700187445,50.984375
4,6,0.996,0.00255,0.9702868852459017,0.988517745302714,0.0032072550320725503,0.011482254697286032,0.9793174767321613,4.74859830015339,52.765625
4,7,0.9918,0.0064375,0.9496197718631179,0.9717898832684825,0.005907267053053946,0.02821011673151752,0.9605769230769232,4.581187000032514,50.875
4,8,0.9937,0.00571875,0.9830328738069989,0.9517453798767967,0.0017726567693330379,0.04825462012320325,0.9671361502347418,4.679254200076684,51.890625
4,9,0.99,0.0067,0.9357622243528284,0.9672943508424182,0.007451896340785229,0.032705649157581784,0.9512670565302145,4.740050599910319,52.265625
5,0,0.9965,0.0027120000000000004,0.972027972027972,0.9928571428571429,0.0031042128603104213,0.0071428571428571175,0.9823321554770317,4.7560457000508904,51.46875
5,1,0.9952,0.0038760000000000005,0.9625531914893617,0.9964757709251101,0.0049633389734912575,0.0035242290748899174,0.9792207792207792,4.791382199851796,52.5625
5,2,0.9941,0.004576,0.986013986013986,0.9563953488372093,0.0015611061552185548,0.043604651162790664,0.9709788489916381,4.726723599946126,51.65625
5,3,0.9936,0.005388,0.9748995983935743,0.9613861386138614,0.0027808676307007787,0.03861386138613865,0.9680957128614157,4.6924691998865455,51.078125
5,4,0.9941,0.004628,0.9802289281997919,0.9592668024439919,0.002106897316478155,0.04073319755600813,0.9696345856922285,4.806364200077951,53.140625
5,5,0.9939,0.004696,0.9737742303306728,0.9573991031390134,0.0025252525252525255,0.04260089686098656,0.9655172413793103,4.7178380999248475,52.25
5,6,0.997,0.00256,0.9823284823284824,0.9864300626304802,0.0018801150188011502,0.013569937369519836,0.9843749999999999,4.876660200068727,53.65625
5,7,0.9922,0.006448000000000001,0.9647749510763209,0.9591439688715954,0.004012483281319661,0.040856031128404635,0.9619512195121951,4.7247371999546885,53.0
5,8,0.9925,0.005932000000000001,0.9891186071817193,0.9332648870636551,0.0011079104808331486,0.06673511293634493,0.9603803486529319,4.816183499991894,52.234375
5,9,0.991,0.006856,0.9572139303482587,0.9534192269573836,0.004782560338115894,0.04658077304261643,0.9553128103277061,4.700121899833903,53.09375
6,0,0.996,0.0027833333333333334,0.9653465346534653,0.9948979591836735,0.003880266075388027,0.005102040816326481,0.9798994974874372,4.838683200068772,53.859375
6,1,0.9937,0.004069444444444444,0.9496644295302014,0.9973568281938326,0.00676818950930626,0.002643171806167355,0.9729265148259563,4.916445300215855,53.703125
6,2,0.9943,0.004802777777777777,0.9841112214498511,0.9602713178294574,0.001784121320249777,0.039728682170542595,0.9720451201569398,5.026973300147802,51.921875
6,3,0.9935,0.005394444444444444,0.9673590504451038,0.9683168316831683,0.0036707452725250277,0.03168316831683171,0.9678377041068777,4.733736000023782,51.984375
6,4,0.9947,0.0045472222222222225,0.9734964322120285,0.9725050916496945,0.0028831226436016855,0.027494908350305547,0.9730005094243505,4.868389900075272,52.921875
6,5,0.9943,0.004713888888888889,0.96440489432703,0.9719730941704036,0.003513394817742644,0.028026905829596438,0.9681742043551089,4.826167699880898,52.34375
6,6,0.9963,0.0025277777777777777,0.9742533470648815,0.9874739039665971,0.0027648750276487504,0.012526096033402934,0.9808190772420944,4.813028000062332,51.78125
6,7,0.9918,0.006580555555555556,0.9530651340996169,0.9678988326848249,0.005461435577351761,0.032101167315175094,0.9604247104247104,4.759148000041023,52.765625
6,8,0.9931,0.00623888888888889,0.984994640943194,0.9435318275154004,0.0015510746731664082,0.056468172484599566,0.9638175144205559,4.761703700060025,52.203125
6,9,0.9903,0.006908333333333334,0.9453125,0.9593657086223984,0.006228450672895117,0.04063429137760155,0.9522872602065913,4.928678900003433,54.90625
7,0,0.9965,0.002787755102040816,0.972027972027972,0.9928571428571429,0.0031042128603104213,0.0071428571428571175,0.9823321554770317,4.913381200050935,53.828125
7,1,0.9944,0.004212244897959184,0.9568162574089755,0.9955947136563876,0.005752961082910322,0.004405286343612369,0.9758203799654577,4.711863399948925,51.3125
7,2,0.994,0.004908163265306122,0.9869739478957916,0.9544573643410853,0.0014495985727029437,0.0455426356589147,0.9704433497536946,4.880846499931067,53.484375
7,3,0.9941,0.005248979591836735,0.9798183652875883,0.9613861386138614,0.002224694104560623,0.03861386138613865,0.9705147426286856,4.727342199999839,53.234375
7,4,0.9942,0.004677551020408163,0.9822546972860126,0.9582484725050916,0.0018851186515857175,0.0417515274949084,0.9701030927835051,4.65503040002659,52.96875
7,5,0.9945,0.004665306122448979,0.9771949828962372,0.9607623318385651,0.0021958717610891525,0.039237668161434924,0.9689089881288865,4.689293599920347,51.4375
7,6,0.9971,0.002526530612244898,0.9843587069864442,0.9853862212943633,0.0016589250165892503,0.014613778705636737,0.9848721961398017,4.845066800015047,53.25
7,7,0.992,0.006651020408163265,0.962890625,0.9591439688715954,0.0042353990191707535,0.040856031128404635,0.9610136452241715,4.774308299878612,53.46875
7,8,0.9923,0.0062448979591836744,0.9869706840390879,0.9332648870636551,0.0013294925769997785,0.06673511293634493,0.9593667546174143,4.665949800051749,51.484375
7,9,0.9909,0.006987755102040816,0.959,0.9504459861248761,0.0045601156712267825,0.049554013875123926,0.9547038327526132,4.810761000029743,53.703125
8,0,0.996,0.0029125,0.967196819085487,0.9928571428571429,0.003658536585365854,0.0071428571428571175,0.9798590130916415,4.6824906000401825,51.40625
8,1,0.9929,0.004453125,0.9433333333333334,0.9973568281938326,0.007670614777213762,0.002643171806167355,0.9695931477516061,4.797447000164539,53.390625
8,2,0.994,0.00505,0.986,0.9554263565891473,0.0015611061552185548,0.04457364341085268,0.9704724409448819,4.825491100084037,52.578125
8,3,0.9939,0.00529375,0.972139303482587,0.9673267326732673,0.003114571746384872,0.0326732673267327,0.969727047146402,4.820549000054598,52.609375
8,4,0.9944,0.004753125,0.9783057851239669,0.9643584521384929,0.002328675981370592,0.035641547861507084,0.9712820512820513,4.482011300045997,49.0625
8,5,0.9949,0.00456875,0.967741935483871,0.9753363228699552,0.003184014053579271,0.024663677130044803,0.9715242881072027,4.924667799845338,53.84375
8,6,0.9964,0.00256875,0.9772256728778468,0.9853862212943633,0.0024330900243309003,0.014613778705636737,0.9812889812889813,4.752537499880418,52.90625
8,7,0.9917,0.006753125,0.957405614714424,0.9620622568093385,0.00490414623272403,0.037937743190661455,0.9597282872392043,4.903196700150147,53.640625
8,8,0.9928,0.0063625,0.9849462365591398,0.9404517453798767,0.0015510746731664082,0.05954825462012325,0.9621848739495799,4.83268509991467,53.140625
8,9,0.9898,0.00715,0.9441723800195886,0.9554013875123885,0.006339673006339673,0.044598612487611544,0.9497536945812808,4.873682799981907,54.609375
9,0,0.9959,0.0029876543209876546,0.9690309690309691,0.9897959183673469,0.003436807095343681,0.010204081632653073,0.9793033821302373,4.825041099917144,51.90625
9,1,0.9931,0.004625925925925925,0.9456521739130435,0.9964757709251101,0.007332205301748449,0.0035242290748899174,0.9703989703989704,4.9270399999804795,54.140625
9,2,0.9931,0.005279012345679013,0.9878419452887538,0.9447674418604651,0.0013380909901873326,0.05523255813953487,0.9658246656760773,4.733706099912524,52.875
9,3,0.994,0.005460493827160494,0.9788306451612904,0.9613861386138614,0.0023359288097886542,0.03861386138613865,0.9700299700299699,4.73694230010733,53.09375
9,4,0.993,0.004766666666666667,0.9820295983086681,0.9460285132382892,0.0018851186515857175,0.05397148676171082,0.9636929460580913,4.731057200115174,51.25
9,5,0.9948,0.00475925925925926,0.9794520547945206,0.9618834080717489,0.001976284584980237,0.03811659192825112,0.9705882352941178,4.617625599959865,51.03125
9,6,0.9967,0.0026370370370370376,0.9812695109261186,0.9843423799582464,0.0019907100199071004,0.01565762004175364,0.982803543512246,4.848375499946997,53.796875
9,7,0.9918,0.006816049382716051,0.9628180039138943,0.9571984435797666,0.0042353990191707535,0.04280155642023342,0.96,4.840657300082967,53.65625
9,8,0.9918,0.006401234567901235,0.9890350877192983,0.9260780287474333,0.0011079104808331486,0.07392197125256672,0.9565217391304347,4.78099500015378,52.59375
9,9,0.9901,0.007241975308641974,0.9540918163672655,0.9474727452923687,0.005116227338449561,0.05252725470763131,0.9507707608155147,4.583570000017062,52.140625
10,0,0.9959,0.003001,0.9671641791044776,0.9918367346938776,0.003658536585365854,0.008163265306122436,0.9793450881612089,4.742682399926707,52.640625
10,1,0.9929,0.00474,0.9440734557595993,0.9964757709251101,0.007557811618725325,0.0035242290748899174,0.9695670810115731,4.6862967000342906,52.734375
10,2,0.9934,0.005379000000000001,0.9839679358717435,0.9515503875968992,0.001784121320249777,0.04844961240310075,0.9674876847290641,4.809120799880475,54.109375
10,3,0.9941,0.005499,0.975024975024975,0.9663366336633663,0.0027808676307007787,0.03366336633663369,0.9706613625062158,4.752987100044265,52.9375
10,4,0.9936,0.004825,0.9801255230125523,0.9541751527494908,0.002106897316478155,0.04582484725050917,0.9669762641898866,4.744284099899232,53.96875
10,5,0.9952,0.004792,0.9752252252252253,0.9708520179372198,0.0024154589371980675,0.029147982062780242,0.9730337078651685,4.763995700050145,53.484375
10,6,0.9962,0.002684,0.9752066115702479,0.9853862212943633,0.0026542800265428003,0.014613778705636737,0.9802699896157839,4.824735099915415,53.171875
10,7,0.9916,0.006843000000000001,0.9600389863547758,0.958171206225681,0.004569772625947392,0.04182879377431903,0.9591041869522883,4.816704400116578,52.765625
10,8,0.9923,0.006478,0.9848648648648649,0.9353182751540041,0.0015510746731664082,0.06468172484599588,0.9594523433385993,4.684707399923354,53.046875
10,9,0.9898,0.0073290000000000004,0.9450441609421001,0.9544103072348861,0.006228450672895117,0.04558969276511393,0.9497041420118344,4.8090039999224246,53.625
20,0,0.9953,0.00326025,0.9632571996027806,0.9897959183673469,0.004101995565410199,0.010204081632653073,0.9763462506290891,4.826584399910644,52.859375
20,1,0.9917,0.005606999999999999,0.9354304635761589,0.9955947136563876,0.008798646362098138,0.004405286343612369,0.9645753307725139,4.750115799950436,54.625
20,2,0.991,0.006277500000000001,0.9865702479338843,0.9253875968992248,0.0014495985727029437,0.07461240310077522,0.955,4.427615100052208,49.78125
20,3,0.9939,0.00595125,0.9730807577268196,0.9663366336633663,0.003003337041156841,0.03366336633663369,0.9696969696969697,5.021310399984941,52.9375
20,4,0.9926,0.005455,0.9778947368421053,0.9460285132382892,0.002328675981370592,0.05397148676171082,0.9616977225672878,4.643300799885765,51.328125
20,5,0.9944,0.0053152500000000005,0.9771689497716894,0.9596412556053812,0.0021958717610891525,0.04035874439461884,0.9683257918552036,4.725164100062102,53.25
20,6,0.9959,0.0031035,0.9741468459152016,0.9832985386221295,0.0027648750276487504,0.01670146137787054,0.9787012987012987,4.908155299955979,53.828125
20,7,0.9909,0.0073992500000000004,0.9588638589618022,0.9523346303501945,0.004681230494872938,0.0476653696498055,0.9555880917520742,4.799795700004324,52.96875
20,8,0.9911,0.007295,0.988950276243094,0.9188911704312115,0.0011079104808331486,0.08110882956878851,0.9526343799893561,4.890242600115016,53.40625
20,9,0.9892,0.008192,0.9447186574531096,0.9484638255698712,0.006228450672895117,0.05153617443012881,0.9465875370919883,4.764379099942744,53.265625
30,0,0.9956,0.003399,0.9661354581673307,0.9897959183673469,0.00376940133037694,0.010204081632653073,0.9778225806451611,4.837980299955234,52.984375
30,1,0.9909,0.006391111111111111,0.9292763157894737,0.9955947136563876,0.00970107163000564,0.004405286343612369,0.9612930667800935,4.9518087999895215,54.28125
30,2,0.9901,0.006918777777777778,0.987460815047022,0.9156976744186046,0.0013380909901873326,0.08430232558139539,0.9502262443438915,4.830057499930263,52.984375
30,3,0.9933,0.006374888888888888,0.9738693467336683,0.9594059405940594,0.0028921023359288096,0.04059405940594063,0.9665835411471322,4.863563699880615,54.40625
30,4,0.9922,0.006058555555555555,0.9818763326226013,0.9378818737270875,0.0018851186515857175,0.062118126272912466,0.959375,4.974960399791598,54.421875
30,5,0.9931,0.005910555555555555,0.9746251441753172,0.9473094170403588,0.0024154589371980675,0.05269058295964124,0.9607731665719159,5.0183268000837415,54.609375
30,6,0.9952,0.003494555555555556,0.9690721649484536,0.9812108559498957,0.0033178500331785005,0.018789144050104345,0.975103734439834,4.6978430999442935,53.640625
30,7,0.9898,0.008037111111111111,0.9557086614173228,0.9445525291828794,0.005015604101649577,0.05544747081712065,0.9500978473581212,4.924656999995932,54.546875
30,8,0.9897,0.008204555555555555,0.9887766554433222,0.9045174537987679,0.0011079104808331486,0.09548254620123209,0.9447721179624665,5.059783099917695,55.890625
30,9,0.9886,0.008963777777777779,0.9408866995073891,0.9464816650148662,0.00667334000667334,0.05351833498513381,0.9436758893280631,4.91918920003809,55.453125
40,0,0.9953,0.0035863125000000005,0.9651046859421735,0.9877551020408163,0.003880266075388027,0.01224489795918371,0.9762985375693395,4.867499600164592,54.640625
40,1,0.9898,0.007084375,0.9209453952730237,0.9955947136563876,0.010941906373378454,0.004405286343612369,0.9568162574089756,4.856948500033468,54.015625
40,2,0.9896,0.007598812500000001,0.989451476793249,0.9089147286821705,0.0011150758251561106,0.09108527131782951,0.9474747474747475,4.859703999944031,54.328125
40,3,0.992,0.006835062499999999,0.9744897959183674,0.9455445544554455,0.0027808676307007787,0.054455445544554504,0.9597989949748743,4.945191199891269,54.90625
40,4,0.9917,0.006535249999999999,0.9828141783029001,0.9317718940936863,0.0017742293191394987,0.06822810590631367,0.9566126502875065,4.789230100112036,54.859375
40,5,0.9922,0.0065043125000000005,0.9743589743589743,0.9372197309417041,0.0024154589371980675,0.06278026905829592,0.9554285714285715,4.665782399941236,52.078125
40,6,0.9947,0.0037349375000000004,0.9641025641025641,0.9812108559498957,0.00387082503870825,0.018789144050104345,0.9725814795654423,4.4687047998886555,51.265625
40,7,0.9896,0.008508062500000002,0.9583333333333334,0.9396887159533074,0.004681230494872938,0.060311284046692615,0.9489194499017682,4.874071300029755,55.296875
40,8,0.9881,0.008983125,0.9896907216494846,0.8870636550308009,0.0009971194327498339,0.11293634496919913,0.9355711965349215,4.834327300079167,55.03125
40,9,0.988,0.009579,0.9379310344827586,0.9435084241823588,0.007007007007007007,0.05649157581764119,0.940711462450593,4.850683300057426,54.875
50,0,0.9951,0.00377136,0.96318407960199,0.9877551020408163,0.004101995565410199,0.01224489795918371,0.9753148614609571,4.90942050004378,55.875
50,1,0.9893,0.007642,0.9172077922077922,0.9955947136563876,0.011505922165820644,0.004405286343612369,0.9547950992817912,4.902169100008905,55.328125
50,2,0.989,0.00815604,0.9914712153518124,0.9011627906976745,0.0008920606601248885,0.09883720930232553,0.9441624365482234,4.644224000163376,51.828125
50,3,0.9915,0.007203480000000001,0.9724208375893769,0.9425742574257425,0.003003337041156841,0.05742574257425748,0.9572649572649572,4.446660300018266,49.984375
50,4,0.9912,0.007149680000000001,0.9816810344827587,0.9276985743380856,0.0018851186515857175,0.07230142566191444,0.9539267015706806,4.68447250011377,50.890625
50,5,0.9917,0.0070169199999999985,0.9764428739693758,0.929372197309417,0.0021958717610891525,0.070627802690583,0.9523262492820219,4.654683700064197,51.96875
50,6,0.9949,0.00397032,0.9680082559339526,0.9791231732776617,0.0034284450342844503,0.02087682672233826,0.9735339906590555,4.832448399858549,53.921875
50,7,0.9891,0.00897912,0.9563058589870904,0.9367704280155642,0.00490414623272403,0.0632295719844358,0.9464373464373464,4.892476700013503,55.421875
50,8,0.9871,0.009549720000000003,0.9895712630359212,0.8767967145790554,0.0009971194327498339,0.12320328542094461,0.929776810016331,4.84268040000461,55.578125
50,9,0.9872,0.010222160000000001,0.9348469891411648,0.9385530227948464,0.007340674007340674,0.061446977205153575,0.9366963402571712,4.971816300181672,55.78125
60,0,0.995,0.003862166666666666,0.9622266401590457,0.9877551020408163,0.0042128603104212865,0.01224489795918371,0.9748237663645518,4.875661300029606,55.296875
60,1,0.9881,0.008123888888888889,0.9090177133655395,0.9947136563876652,0.012746756909193458,0.005286343612334821,0.9499368952461086,4.728903100127354,53.609375
60,2,0.9883,0.008661694444444444,0.9924650161463939,0.8934108527131783,0.0007805530776092774,0.10658914728682167,0.9403365629780724,4.894300700165331,54.015625
60,3,0.9914,0.007526027777777777,0.9704684317718941,0.9435643564356435,0.0032258064516129032,0.056435643564356486,0.9568273092369478,4.999749399954453,55.140625
60,4,0.9911,0.007572777777777779,0.9806243272335845,0.9276985743380856,0.001996007984031936,0.07230142566191444,0.9534275248560963,4.536989300046116,51.515625
60,5,0.9913,0.007402472222222223,0.9763313609467456,0.9248878923766816,0.0021958717610891525,0.07511210762331844,0.9499136442141624,4.876435199985281,54.875
60,6,0.9948,0.004095111111111111,0.9679752066115702,0.9780793319415448,0.0034284450342844503,0.02192066805845516,0.9730010384215991,4.906397600192577,54.21875
60,7,0.9883,0.009312638888888888,0.9541375872382851,0.9309338521400778,0.0051270619705751225,0.06906614785992216,0.9423929098966026,4.838427499867976,53.0
60,8,0.9862,0.010161222222222223,0.9894613583138173,0.8675564681724846,0.0009971194327498339,0.13244353182751545,0.924507658643326,4.876835700124502,55.5
60,9,0.9869,0.01078688888888889,0.935515873015873,0.9345887016848364,0.007229451673896118,0.06541129831516357,0.9350520575111552,4.750363700091839,53.328125
70,0,0.9949,0.003984959183673469,0.9621890547263682,0.986734693877551,0.0042128603104212865,0.013265306122449028,0.9743073047858942,4.762489499989897,54.046875
70,1,0.9876,0.008558530612244897,0.9053728949478749,0.9947136563876652,0.013310772701635646,0.005286343612334821,0.9479429051217464,4.867913200054318,55.453125
70,2,0.987,0.009106224489795917,0.9902173913043478,0.8827519379844961,0.0010035682426404995,0.11724806201550386,0.9334016393442622,4.9034363001119345,55.46875
70,3,0.9909,0.00788091836734694,0.970317297850563,0.9386138613861386,0.0032258064516129032,0.06138613861386144,0.9542023150478107,4.965349999954924,55.875
70,4,0.9908,0.008006775510204083,0.982646420824295,0.9226069246435845,0.0017742293191394987,0.07739307535641549,0.9516806722689075,4.86016790010035,55.984375
70,5,0.9913,0.0077988163265306125,0.9797377830750894,0.92152466367713,0.0018664909969257795,0.07847533632286996,0.949740034662045,4.68661109986715,53.84375
70,6,0.9944,0.004250285714285714,0.9649484536082474,0.9770354906054279,0.0037602300376023004,0.022964509394572064,0.970954356846473,4.76744950003922,55.234375
70,7,0.9875,0.009647265306122449,0.951048951048951,0.9260700389105059,0.005461435577351761,0.07392996108949412,0.9383932971907344,4.920706700067967,55.859375
70,8,0.9853,0.010665224489795918,0.9881936245572609,0.8593429158110883,0.0011079104808331486,0.14065708418891165,0.9192751235584844,4.9649384000804275,56.34375
70,9,0.9868,0.011287857142857143,0.9345887016848364,0.9345887016848364,0.007340674007340674,0.06541129831516357,0.9345887016848364,4.826864399947226,53.5625
80,0,0.9949,0.004094703125,0.9621890547263682,0.986734693877551,0.0042128603104212865,0.013265306122449028,0.9743073047858942,4.871727599995211,55.1875
80,1,0.987,0.008985453125,0.9010375099760575,0.9947136563876652,0.013987591652566272,0.005286343612334821,0.9455611390284758,4.88657830003649,55.4375
80,2,0.9867,0.009572578124999998,0.9912568306010929,0.8788759689922481,0.0008920606601248885,0.12112403100775193,0.9316897791474062,4.829404499847442,54.953125
80,3,0.9907,0.008249421875,0.9702564102564103,0.9366336633663367,0.0032258064516129032,0.06336633663366331,0.9531486146095719,5.023823699913919,55.9375
80,4,0.9905,0.008403625000000001,0.9846994535519126,0.9175152749490835,0.0015524506542470614,0.08248472505091653,0.9499209277807064,5.0116421999409795,56.21875
80,5,0.9909,0.008206765625,0.9796407185628743,0.9170403587443946,0.0018664909969257795,0.0829596412556054,0.9473074696004633,4.887412799987942,55.484375
80,6,0.9947,0.004379125,0.96794208893485,0.9770354906054279,0.0034284450342844503,0.022964509394572064,0.9724675324675324,4.917447899933904,56.4375
80,7,0.9874,0.009978562500000001,0.9519038076152304,0.9241245136186771,0.005349977708426215,0.07587548638132291,0.9378084896347483,4.949542300077155,56.265625
80,8,0.9843,0.011194078125000001,0.9868891537544696,0.8501026694045175,0.0012187015289164636,0.1498973305954825,0.9134031991174849,5.040607300121337,57.03125
80,9,0.9861,0.011818,0.9298418972332015,0.9326065411298315,0.007896785674563452,0.06739345887016845,0.9312221672439386,5.1501298998482525,56.4375
90,0,0.995,0.004219074074074074,0.9622266401590457,0.9877551020408163,0.0042128603104212865,0.01224489795918371,0.9748237663645518,5.288498400012031,57.03125
90,1,0.9867,0.009418604938271605,0.8988853503184714,0.9947136563876652,0.014326001128031585,0.005286343612334821,0.944374738603095,5.037029299885035,55.765625
90,2,0.9857,0.010044172839506173,0.9911602209944751,0.8691860465116279,0.0008920606601248885,0.1308139534883721,0.9261744966442953,4.944375799968839,55.84375
90,3,0.9906,0.00855488888888889,0.9711934156378601,0.9346534653465347,0.003114571746384872,0.0653465346534653,0.9525731584258326,5.005158100044355,56.140625
90,4,0.9901,0.008729481481481482,0.9846322722283205,0.9134419551934827,0.0015524506542470614,0.0865580448065173,0.9477020602218701,4.855558400042355,55.46875
90,5,0.9905,0.008551555555555555,0.9772455089820359,0.9147982062780269,0.002086078173034695,0.08520179372197312,0.9449913144180659,4.94125929987058,55.8125
90,6,0.9942,0.004500333333333334,0.966804979253112,0.9728601252609603,0.0035390400353904005,0.02713987473903967,0.9698231009365245,4.888536799931899,55.5625
90,7,0.9872,0.01025448148148148,0.9509018036072144,0.9231517509727627,0.005461435577351761,0.0768482490272373,0.9368213228035539,5.064724599942565,57.71875
90,8,0.9834,0.011640617283950619,0.9855769230769231,0.8418891170431212,0.0013294925769997785,0.1581108829568788,0.9080841638981174,4.931567499879748,55.734375
90,9,0.9856,0.012223481481481483,0.9277942631058358,0.929633300297324,0.008119230341452564,0.07036669970267595,0.9287128712871286,4.901463999878615,56.46875
100,0,0.9949,0.0043148200000000005,0.963110667996012,0.9857142857142858,0.004101995565410199,0.014285714285714235,0.9742813918305598,4.996764099923894,57.375
100,1,0.9864,0.00983507,0.8967434471803019,0.9947136563876652,0.014664410603496898,0.005286343612334821,0.9431913116123642,5.052698000101373,57.84375
100,2,0.9853,0.01042895,0.9911209766925638,0.8653100775193798,0.0008920606601248885,0.13468992248062017,0.9239524055871702,5.036660599987954,57.609375
100,3,0.9904,0.00880231,0.9721074380165289,0.9316831683168317,0.003003337041156841,0.06831683168316827,0.9514661274014156,4.959056500112638,56.15625
100,4,0.9902,0.00908162,0.9857142857142858,0.9134419551934827,0.0014415613218008428,0.0865580448065173,0.9482029598308669,4.972767800092697,56.328125
100,5,0.9902,0.0088822,0.9760191846522782,0.9125560538116592,0.0021958717610891525,0.08744394618834084,0.9432213209733488,5.016825499944389,57.828125
100,6,0.9939,0.004636479999999999,0.9667013527575442,0.9697286012526096,0.0035390400353904005,0.030271398747390377,0.9682126107347576,5.12522660009563,58.390625
100,7,0.9871,0.01050416,0.9517587939698492,0.9212062256809338,0.005349977708426215,0.0787937743190662,0.9362333168561541,4.981746900128201,58.09375
100,8,0.9829,0.01204159,0.9854897218863361,0.8367556468172485,0.0013294925769997785,0.16324435318275154,0.9050527484730705,4.970192800043151,56.40625
100,9,0.9851,0.01262224,0.924901185770751,0.9276511397423192,0.00845289734178623,0.07234886025768084,0.9262741217219199,5.073072999948636,57.0
150,0,0.9948,0.004704697777777778,0.9630738522954092,0.9846938775510204,0.004101995565410199,0.015306122448979553,0.9737638748738648,5.3479895000346005,61.328125
150,1,0.9837,0.011477697777777778,0.8779160186625194,0.9947136563876652,0.017710095882684716,0.005286343612334821,0.932672449401074,5.234559499891475,60.546875
150,2,0.9826,0.012302973333333333,0.9919724770642202,0.8381782945736435,0.0007805530776092774,0.16182170542635654,0.9086134453781514,5.120676800142974,57.671875
150,3,0.9892,0.01005707111111111,0.9707724425887265,0.9207920792079208,0.003114571746384872,0.07920792079207917,0.9451219512195121,5.313142899889499,59.125
150,4,0.9883,0.010709133333333334,0.9865016872890888,0.8930753564154786,0.0013306719893546241,0.10692464358452136,0.9374665954035276,5.096214900026098,57.734375
150,5,0.9883,0.010435422222222221,0.976629766297663,0.8901345291479821,0.002086078173034695,0.10986547085201792,0.9313782991202346,5.150753400055692,57.671875
150,6,0.9935,0.005156382222222222,0.9646201873048907,0.9676409185803758,0.0037602300376023004,0.03235908141962418,0.9661281917665451,5.147303699981421,58.453125
150,7,0.9858,0.011698217777777777,0.9502032520325203,0.9095330739299611,0.005461435577351761,0.09046692607003892,0.9294234592445328,5.1764762999955565,58.4375
150,8,0.9807,0.013795595555555555,0.9838909541511772,0.8151950718685832,0.0014402836250830932,0.1848049281314168,0.8916339135317237,5.1813511999789625,58.828125
150,9,0.9835,0.014522151111111112,0.9145383104125737,0.9226957383548068,0.009676343009676344,0.07730426164519322,0.9185989146521955,5.090114600025117,57.65625
200,0,0.9942,0.0050294499999999995,0.961,0.9806122448979592,0.004323725055432373,0.019387755102040827,0.9707070707070707,5.396903699962422,62.28125
200,1,0.981,0.012920522499999998,0.8598629093678599,0.9947136563876652,0.020755781161872534,0.005286343612334821,0.9223856209150326,5.462695099879056,62.0
200,2,0.9807,0.013868575,0.9917936694021102,0.8197674418604651,0.0007805530776092774,0.18023255813953487,0.8976127320954906,5.380383100127801,61.78125
200,3,0.9884,0.01116186,0.9695378151260504,0.9138613861386139,0.0032258064516129032,0.0861386138613861,0.9408766564729868,5.344876199960709,62.21875
200,4,0.9868,0.0120811275,0.9851598173515982,0.8788187372708758,0.0014415613218008428,0.12118126272912422,0.9289558665231431,5.406701399944723,61.5
200,5,0.9857,0.0118091325,0.9734513274336283,0.8632286995515696,0.00230566534914361,0.13677130044843044,0.9150326797385621,5.441869099857286,61.390625
200,6,0.9931,0.005579130000000001,0.9644723092998955,0.9634655532359081,0.0037602300376023004,0.0365344467640919,0.9639686684073107,5.28984670015052,60.5
200,7,0.9844,0.0126204425,0.9458077709611452,0.8998054474708171,0.005907267053053946,0.10019455252918286,0.9222333000997008,5.310744300018996,61.625
200,8,0.9791,0.0152617,0.9835651074589128,0.7987679671457906,0.0014402836250830932,0.20123203285420943,0.881586402266289,5.387223300058395,62.125
200,9,0.9829,0.01608288,0.9140316205533597,0.9167492566897919,0.009676343009676344,0.0832507433102081,0.9153884215734784,5.359869100153446,61.75
250,0,0.9938,0.005319864,0.9599198396793587,0.9775510204081632,0.004434589800443459,0.022448979591836782,0.9686552072800808,5.628873399924487,64.265625
250,1,0.979,0.014119536,0.8469617404351087,0.9947136563876652,0.023011844331641287,0.005286343612334821,0.9149108589951378,5.568433899898082,63.765625
250,2,0.9781,0.015174315200000002,0.9915356711003628,0.7945736434108527,0.0007805530776092774,0.20542635658914732,0.8821947283485745,5.579572000075132,62.6875
250,3,0.9875,0.0121143248,0.9692470837751855,0.904950495049505,0.0032258064516129032,0.09504950495049502,0.9359959037378391,5.552736200159416,63.203125
250,4,0.986,0.013357057600000001,0.9861431870669746,0.869653767820774,0.0013306719893546241,0.13034623217922603,0.9242424242424242,5.50143550010398,63.90625
250,5,0.9845,0.013004652800000002,0.9754838709677419,0.8475336322869955,0.002086078173034695,0.15246636771300448,0.9070185962807438,5.706821100087836,64.953125
250,6,0.993,0.0059776896,0.9644351464435147,0.9624217118997912,0.0037602300376023004,0.0375782881002088,0.9634273772204807,5.477331300033256,61.640625
250,7,0.9835,0.0134434752,0.9434737923946557,0.8929961089494164,0.006130182790905038,0.10700389105058361,0.9175412293853074,5.599559800000861,62.921875
250,8,0.9778,0.016445654400000002,0.9845360824742269,0.784394250513347,0.0013294925769997785,0.215605749486653,0.8731428571428571,5.585902699967846,61.984375
250,9,0.982,0.01761336,0.9132602193419741,0.9078295341922695,0.009676343009676344,0.09217046580773047,0.9105367793240556,5.567700699903071,62.875
300,0,0.9934,0.005645244444444444,0.9606854838709677,0.9724489795918367,0.004323725055432373,0.027551020408163263,0.9665314401622718,5.728007899830118,64.90625
300,1,0.9777,0.01519173111111111,0.8382789317507419,0.9955947136563876,0.024591088550479413,0.004405286343612369,0.9101892871526378,5.856614799937233,66.046875
300,2,0.9765,0.01642344,0.992583436341162,0.7781007751937985,0.0006690454950936663,0.2218992248062015,0.8723519826181424,5.7699376998934895,67.0
300,3,0.9867,0.013049952222222223,0.967982924226254,0.898019801980198,0.0033370411568409346,0.10198019801980196,0.9316897791474062,5.7790892999619246,66.140625
300,4,0.9848,0.014528252222222222,0.9870892018779343,0.8564154786150713,0.0012197826569084055,0.14358452138492872,0.9171210468920392,5.608779200119898,65.125
300,5,0.9832,0.014120167777777777,0.9725848563968669,0.8352017937219731,0.00230566534914361,0.16479820627802688,0.8986731001206273,5.848297799937427,65.421875
300,6,0.9929,0.0063388222222222216,0.9653725078698846,0.9603340292275574,0.0036496350364963502,0.039665970772442605,0.9628466771323915,5.704087499994785,64.375
300,7,0.983,0.014118852222222221,0.9440993788819876,0.8871595330739299,0.0060187249219794915,0.11284046692607008,0.9147442326980944,5.782278900034726,65.71875
300,8,0.9761,0.017637578888888887,0.9829172141918529,0.7679671457905544,0.0014402836250830932,0.23203285420944564,0.8622478386167147,5.765116999857128,67.140625
300,9,0.9817,0.018942907777777775,0.9138276553106213,0.9038652130822596,0.009565120676231787,0.09613478691774036,0.9088191330343798,5.731235000072047,65.203125
350,0,0.9932,0.0059638277551020405,0.9596774193548387,0.9714285714285714,0.004434589800443459,0.02857142857142858,0.9655172413793104,6.185804999899119,69.640625
350,1,0.9761,0.01615178204081633,0.8284457478005866,0.9955947136563876,0.026395939086294416,0.004405286343612369,0.9043617446978792,5.90487700002268,67.34375
350,2,0.9751,0.017548598367346936,0.9924528301886792,0.7645348837209303,0.0006690454950936663,0.23546511627906974,0.8637110016420361,6.266137800179422,68.78125
350,3,0.9865,0.013843997551020408,0.9689174705251876,0.8950495049504951,0.0032258064516129032,0.10495049504950493,0.930519814719506,6.1763450999278575,69.328125
350,4,0.9841,0.015620312653061222,0.98698224852071,0.8492871690427699,0.0012197826569084055,0.1507128309572301,0.9129720853858786,6.128705899929628,69.140625
350,5,0.9816,0.015105461224489795,0.977088948787062,0.8127802690582959,0.0018664909969257795,0.18721973094170408,0.8873929008567931,6.104295099852607,69.03125
350,6,0.9927,0.006671103673469387,0.9662802950474183,0.9572025052192067,0.0035390400353904005,0.04279749478079331,0.9617199790246461,5.844889499945566,65.328125
350,7,0.9826,0.014692333877551018,0.9438669438669439,0.8832684824902723,0.0060187249219794915,0.11673151750972766,0.9125628140703517,5.897419499931857,68.34375
350,8,0.9747,0.01862804163265306,0.9800266311584553,0.75564681724846,0.001661865721249723,0.24435318275154005,0.8533333333333333,6.161775500047952,69.046875
350,9,0.9808,0.020162017142857144,0.9097291875626881,0.8989098116947473,0.01001001001001001,0.10109018830525274,0.9042871385842474,7.950358399888501,65.03125
400,0,0.9931,0.0062558225,0.9596367305751766,0.9704081632653061,0.004434589800443459,0.0295918367346939,0.964992389649924,13.053922699997202,54.859375
400,1,0.9748,0.01704794375,0.8206245461147422,0.9955947136563876,0.027862380146644106,0.004405286343612369,0.8996815286624205,12.809720600023866,56.40625
400,2,0.9734,0.018605657499999997,0.9922879177377892,0.748062015503876,0.0006690454950936663,0.25193798449612403,0.8530386740331491,12.946535900002345,55.984375
400,3,0.9857,0.014590849375000003,0.9666307857911733,0.8891089108910891,0.0034482758620689655,0.11089108910891088,0.926250644662197,12.91504400013946,55.40625
400,4,0.9827,0.016596581875,0.9879372738238842,0.8340122199592668,0.0011088933244621868,0.16598778004073322,0.9044726670347875,13.248855700017884,56.140625
400,5,0.9804,0.016054976874999998,0.9767123287671233,0.7993273542600897,0.0018664909969257795,0.20067264573991028,0.8791615289765723,12.847452600020915,55.03125
400,6,0.9925,0.007019144374999999,0.968186638388123,0.9530271398747391,0.0033178500331785005,0.04697286012526092,0.9605470804839559,13.053927400149405,55.28125
400,7,0.9823,0.015228638749999999,0.9446185997910136,0.8793774319066148,0.005907267053053946,0.12062256809338523,0.910831234256927,12.680570799857378,54.703125
400,8,0.9729,0.019544855625000003,0.9769335142469471,0.7392197125256673,0.0018834478174163528,0.2607802874743327,0.8416130917592052,12.459599500056356,55.171875
400,9,0.9804,0.021247889375,0.9101917255297679,0.8939544103072349,0.009898787676565454,0.10604558969276512,0.9019999999999999,12.39250999991782,55.46875
450,0,0.9929,0.00654525037037037,0.9604863221884499,0.9673469387755103,0.004323725055432373,0.03265306122448974,0.9639044229791561,12.710057300049812,55.78125
450,1,0.9733,0.017931438024691358,0.8117816091954023,0.9955947136563876,0.02955442752397067,0.004405286343612369,0.8943411159477642,12.473025599960238,55.875
450,2,0.9719,0.01960576839506173,0.9934296977660972,0.7325581395348837,0.0005575379125780553,0.2674418604651163,0.8432794199665364,12.887953399913386,57.609375
450,3,0.9847,0.015334782222222221,0.9672846237731734,0.8782178217821782,0.0033370411568409346,0.12178217821782178,0.9206019719771665,12.804234999930486,56.25
450,4,0.9821,0.017565877037037037,0.9902319902319903,0.8258655804480651,0.0008871146595697493,0.17413441955193487,0.9006107717934481,12.55735530005768,56.109375
450,5,0.9789,0.01697224,0.9775596072931276,0.781390134529148,0.001756697408871322,0.21860986547085204,0.8685358255451714,12.941699899965897,56.5
450,6,0.9922,0.007350760493827161,0.9680851063829787,0.9498956158663883,0.0033178500331785005,0.050104384133611735,0.958904109589041,12.714732400141656,56.09375
450,7,0.9816,0.015743095308641975,0.9451476793248945,0.8715953307392996,0.0057958091841284,0.12840466926070038,0.9068825910931174,12.562799499835819,55.796875
450,8,0.9715,0.020424452345679016,0.9764868603042877,0.7248459958932238,0.0018834478174163528,0.27515400410677615,0.8320565704183854,12.579969399841502,55.375
450,9,0.9798,0.022356265679012347,0.9096446700507614,0.88800792864222,0.009898787676565454,0.11199207135778,0.8986960882647943,12.874874500092119,55.90625
500,0,0.9922,0.00685261,0.9592668024439919,0.9612244897959183,0.004434589800443459,0.038775510204081653,0.9602446483180428,12.651063200086355,57.375
500,1,0.9721,0.01874085,0.8048433048433048,0.9955947136563876,0.030908065425831924,0.004405286343612369,0.8901142181961402,12.817788199987262,57.1875
500,2,0.9702,0.0205676436,0.9932795698924731,0.7160852713178295,0.0005575379125780553,0.2839147286821705,0.8322072072072072,13.0043963000644,57.109375
500,3,0.9839,0.016029034,0.9680264608599779,0.8693069306930693,0.0032258064516129032,0.1306930693069307,0.9160146061554512,12.954642499797046,57.3125
500,4,0.9814,0.0184797308,0.991358024691358,0.8177189409368636,0.0007762253271235307,0.1822810590631364,0.8962053571428573,12.991978499805555,57.328125
500,5,0.9773,0.0178461176,0.9784172661870504,0.7623318385650224,0.0016469038208168643,0.2376681614349776,0.8569628229363578,12.847664900124073,57.21875
500,6,0.9923,0.0076683216,0.9711229946524064,0.9478079331941545,0.0029860650298606504,0.05219206680584554,0.9593238246170099,12.700342199997976,56.921875
500,7,0.9807,0.016249673200000002,0.9427359490986215,0.8647859922178989,0.0060187249219794915,0.13521400778210113,0.9020801623541351,12.748008800204843,57.171875
500,8,0.9703,0.0212053888,0.9760900140646976,0.7125256673511293,0.0018834478174163528,0.2874743326488707,0.8237388724035609,12.689671300118789,56.390625
500,9,0.9794,0.023395423199999998,0.9076142131979695,0.8860257680872151,0.010121232343454566,0.11397423191278488,0.896690070210632,12.952389399986714,56.796875
